{
  "traffic": {
    "mean": 2768.198,
    "std": 1265.5796595019574
  },
  "speed": {
    "mean": 47.39676385,
    "std": 16.02383116873756
  },
  "accidents": {
    "mean": 0.164,
    "std": 0.5672279039239695
  },
  "congestion": {
    "mean": 58.221599999999995,
    "std": 31.2388197786396
  },
  "ridership": {
    "mean": 409.3482,
    "std": 222.25653572415865
  },
  "budget": {
    "mean": 427.09666111075524,
    "std": 96.67152030566638
  },
  "staff": {
    "mean": 156.618,
    "std": 69.20733622076165
  },
  "pollution_index": {
    "mean": 61.5322811190741,
    "std": 19.209679433892358
  },
  "satisfaction": {
    "mean": 4.1379399999999995,
    "std": 0.440536151298849
  },
  "temperature": {
    "mean": 15.337000000000002,
    "std": 7.995588149706027
  }
}