{
  "traffic": {
    "mean": 2795.454,
    "std": 1307.042025949892
  },
  "speed": {
    "mean": 47.850453218000006,
    "std": 16.2813997486136
  },
  "accidents": {
    "mean": 0.198,
    "std": 0.6415755906180923
  },
  "congestion": {
    "mean": 55.8946,
    "std": 31.375856954659874
  },
  "ridership": {
    "mean": 404.2122,
    "std": 222.44107934173812
  },
  "budget": {
    "mean": 591.2173263725728,
    "std": 119.46259167790137
  },
  "staff": {
    "mean": 152.232,
    "std": 68.53299730377242
  },
  "pollution_index": {
    "mean": 47.964398173487716,
    "std": 13.82627686205122
  },
  "satisfaction": {
    "mean": 3.85942,
    "std": 0.42040092468374746
  },
  "temperature": {
    "mean": 14.1386,
    "std": 7.893416375953339
  }
}